store_id,store_name,rq_store_name,store_active,store_email,store_address,store_city,store_state,store_zip,store_phone,store_uid,store_district_id,store_image
0100,"WWWhite (S)",NULL,1,NULL,"1848 S Ww White Rd","San Antonio",TX,78220,"(210) 437-3829",80193100,49,sites/default/files/pictures_store/100_FV.jpg
0101,"SEM (S)",NULL,1,NULL,"3103 SE Military Dr Ste 107T","San Antonio",TX,78223,"(210) 359-6666",80193101,49,sites/default/files/pictures_store/101_FV.jpg
0102,"Gmac (S)",NULL,1,NULL,"4622 W Commerce St Ste 104T","San Antonio",TX,78237,"(210) 438-8181",80193102,45,sites/default/files/pictures_store/102.png
0103,"Old Pearsal (S)",NULL,1,NULL,"6338 Old Pearsall Rd Ste 106T","San Antonio",TX,78242,"(210) 375-5592",80193103,45,sites/default/files/pictures_store/103_FV.jpg
0104,"Kingsville (S)",NULL,1,NULL,"307 S 14th St",Kingsville,TX,78363,"(361) 221-2119",80193104,576,sites/default/files/pictures_store/104_FV.jpg
0105,"Robstown (S)",NULL,1,NULL,"322 W Avenue J",Robstown,TX,78380,"(361) 933-5038",80193105,576,sites/default/files/pictures_store/105_FV.jpg
0106,"Uvalde (S)",NULL,1,NULL,"3250 E Main St Ste A",Uvalde,TX,78801,"(830) 261-5178",80193106,46,sites/default/files/pictures_store/106_FV.jpg
0107,"Brooksville (S)",NULL,1,NULL,"19530 Cortez Blvd.",Brooksville,FL,34601,"(352) 631-8999",80193107,42,sites/default/files/pictures_store/107_FV.jpg
0108,"Corpus (S)",NULL,1,NULL,"14017 Northwest Blvd Ste 111T","Corpus Christi",TX,78410,"(361) 248-4255",80193108,576,sites/default/files/pictures_store/108_FV.jpg
0109,"Spring Hill (S)",NULL,1,NULL,"11190 Spring Hill Dr.","Spring Hill",FL,34609,"(352) 340-1520",80193109,42,sites/default/files/pictures_store/109_FV.jpg
0110,"Fredericksburg (S)",NULL,1,NULL,"4433 Fredericksburg Rd","San Antonio",TX,78201,"(210) 731-0148",80193110,45,sites/default/files/pictures_store/110_FV.jpg
0111,"Fresno (S)",NULL,1,NULL,"833 Fresno","San Antonio",TX,78212,"(210) 251-2021",80193111,46,sites/default/files/pictures_store/111_FV.jpg
0112,"Inverness (S)",NULL,1,NULL,"451 E. Highland Blvd.",Inverness,FL,34452,"(352) 464-6355",80193112,33,sites/default/files/pictures_store/112_FV.jpg
0113,"Hwy 359 (S)",NULL,1,NULL,"3802 State Highway 359 Ste 2",Laredo,TX,78043,"(956) 723-2647",80193113,48,sites/default/files/pictures_store/113_FV.jpg
0115,"Fort Worth (S)",NULL,1,NULL,"4125 E Lancaster Ave Ste D","Fort Worth",TX,76103,"(682) 708-3888",80193115,51,sites/default/files/pictures_store/115_FV.jpg
0116,"Garland Rd (S)",NULL,1,NULL,"10806 Garland Rd",Dallas,TX,75218,"(469) 930-8190",80193116,50,sites/default/files/pictures_store/116_FV.jpg
0118,"Fulton (S)",NULL,1,NULL,"2445 Fulton St",Houston,TX,77009,"(713) 561-3065",80193118,577,sites/default/files/pictures_store/118_FV.jpg
0120,"Bisonett (S)",NULL,1,NULL,"11883 Bissonnet St Ste C",Houston,TX,77099,"(346) 888-5809",80193120,44,sites/default/files/pictures_store/120_FV.jpg
0121,"Jupiter (S)",NULL,1,NULL,"424 N Jupiter Rd",Garland,TX,75042,"(469) 814-0332",80193121,50,sites/default/files/pictures_store/121_FV.jpg
0123,"Spring Valley (S)",NULL,1,NULL,"1430 W Spring Valley Rd",Richardson,TX,75080,"(214) 812-9381",80193123,52,sites/default/files/pictures_store/123_FV.jpg
0124,"Grand Ave (S)",NULL,1,NULL,"5416 East Grand Avenue Suite 200",Dallas,TX,75223,"(469) 802-6300",80193124,52,sites/default/files/pictures_store/124_FV.jpg
0125,"Cooper (S)",NULL,1,NULL,"2245 S Cooper St",Arlington,TX,76013,"(817) 962-0593",80193125,51,sites/default/files/pictures_store/125_FV.jpg
0126,"River Oaks (S)",NULL,1,NULL,"5518 River Oaks Blvd Ste B","River Oaks",TX,76114,"(817) 887-9994",80193126,51,sites/default/files/pictures_store/126_FV.jpg
0127,"Azle (S)",NULL,1,NULL,"2410 Azie Ave ","Fort Worth",TX,76106,"(817) 367-9825",80193127,51,sites/default/files/pictures_store/127_FV.jpg
0128,"Gus T (S)",NULL,1,NULL,"2302 Gus Thomasson Rd Ste 108",Dallas,TX,75228,"(214) 242-9852",80193128,50,sites/default/files/pictures_store/128_FV.jpg
0129,"Colony (S)",NULL,1,NULL,"3751 Main St Ste 300","The Colony",TX,75056,"(972) 704-3361",80193129,52,sites/default/files/pictures_store/129_FV.jpg
0130,"Town East Mall (K)",NULL,1,NULL,"2063 Town East Mall Spc 6555",Mesquite,TX,75150,"(972) 308-6648",80193130,50,sites/default/files/pictures_store/130_FV.jpg
0131,"Lombardy (S)",NULL,1,NULL,"3400 Lombardy Ln Ste 103T",Dallas,TX,75220,"(972) 807-2970",80193131,52,sites/default/files/pictures_store/131_FV.jpg
0132,"Skillman (S)",NULL,1,NULL,"8656 Skillman St",Dallas,TX,75243,"(469) 906-3995",80193132,50,sites/default/files/pictures_store/132_FV.jpg
0136,"Mcclelland (S)",NULL,1,NULL,"3717 McClelland Ave Unit 3T",Laredo,TX,78040,"(956) 725-7621",80193136,48,sites/default/files/pictures_store/136_FV.jpg
0137,"Santa Ursala (S)",NULL,1,NULL,"2212 Santa Ursula Ave Ste 1AT",Laredo,TX,78040,"(956) 722-1994",80193137,48,sites/default/files/pictures_store/137_FV.jpg
0138,"Chihuahua (S)",NULL,1,NULL,"1219 Chihuahua St Ste 6T",Laredo,TX,78040,"(956) 508-1484",80193138,48,sites/default/files/pictures_store/138_FV.jpg
0139,"Gudalupe (S)",NULL,1,NULL,"2212 Guadalupe St # T",Laredo,TX,78043,"(956) 718-2758",80193139,48,sites/default/files/pictures_store/139_FV.jpg
0140,"Irving Blvd (S)",NULL,1,NULL,"913 E Irving Blvd",Irving,TX,75060,"(972) 785-2131",80193140,52,sites/default/files/pictures_store/140_FV.jpg
0141,"Zapata (S)",NULL,1,NULL,"502 US Highway 83",Zapata,TX,78076,"(956) 765-1492",80193141,48,sites/default/files/pictures_store/141_FV.jpg
0142,"Broadway (S)",NULL,1,NULL,"3035 Broadway Blvd Ste E",Garland,TX,75041,"(972) 840-8480",80193142,50,sites/default/files/pictures_store/142_FV.jpg
0143,"South Park Mall (K)",NULL,1,NULL,"2310 SW Military Dr Ste 136","San Antonio",TX,78224,"(210) 921-0628",80193143,49,sites/default/files/pictures_store/143_FV.jpg
0144,"Sycamore (S)",NULL,1,NULL,"3515 Sycamore School Rd Ste 145","Fort Worth",TX,76133,"(817) 782-9140",80193144,51,sites/default/files/pictures_store/144_FV.jpg
0145,"NW Hwy (S)",NULL,1,NULL,"1250 Northwest Hwy Ste P",Garland,TX,75041,"(469) 248-3335",80193145,50,sites/default/files/pictures_store/145_FV.jpg
0146,"Beltline (S)",NULL,1,NULL,"1625 S Belt Line Rd Ste 200T","Grand Prairie",TX,75051,"(972) 262-6766",80193146,52,sites/default/files/pictures_store/146_FV.jpg
0147,"Spencer (S)",NULL,1,NULL,"6821 Spencer Hwy",PASADENA,TX,77505,"(713) 370-2723",80193147,577,sites/default/files/pictures_store/147_FV.jpg
0149,"SW Military (S)",NULL,1,NULL,"1020 SW Military Dr","San Antonio",TX,78221,"(210) 233-9827",80193149,49,sites/default/files/pictures_store/149_FV.jpg
0151,"Bellaire (S)",NULL,1,NULL,"6060 Bellaire Blvd Ste K",Houston,TX,77081,"(832) 831-8653",80193151,44,sites/default/files/pictures_store/151_FV.jpg
0152,"West Ave (S)",NULL,1,NULL,"3021 West Ave Ste B - T","San Antonio",TX,78201,"(210) 348-8728",80193152,46,sites/default/files/pictures_store/152_FV.jpg
0154,"Ehouston (S)",NULL,1,NULL,"2143 E Houston St","San Antonio",TX,78202,"(210) 226-2719",80193154,49,sites/default/files/pictures_store/154_FV.jpg
0155,"Wcom (S)",NULL,1,NULL,"2706 W Commerce St","San Antonio",TX,78207,"(210) 431-7965",80193155,45,sites/default/files/pictures_store/155_FV.jpg
0156,"Nogalitos (S)",NULL,1,NULL,"3610 Nogalitos Ste 103","San Antonio",TX,78211,"(210) 384-9540",80193156,45,sites/default/files/pictures_store/156_FV.jpg
0157,"Vance Jackson (S)",NULL,1,NULL,"1803 Vance Jackson Rd Ste 301","San Antonio",TX,78213,"(210) 734-2647",80193157,45,sites/default/files/pictures_store/157_FV.jpg
0158,"San Pedro (S)",NULL,1,NULL,"6900 San Pedro Ave Ste 147","San Antonio",TX,78216,"(210) 822-0288",80193158,46,sites/default/files/pictures_store/158_FV.jpg
0159,"Bitters (S)",NULL,1,NULL,"13431 Us Highway 281 N","San Antonio",TX,78216,"(210) 277-7728",80193159,46,sites/default/files/pictures_store/159_FV.jpg
0160,"Belleview (S)",NULL,1,NULL,"10329 SE Highway 441",Belleview,FL,34420,"(352) 553-4332",80193160,33,sites/default/files/pictures_store/160_FV.jpg
0161,"Leesburg (S)",NULL,1,NULL,"2247 Citrus Blvd.",Leesburg,FL,34748,"(352) 973-0055",80193161,33,sites/default/files/pictures_store/161_FV.jpg
0162,"Tavares (S)",NULL,1,NULL,"548 S. Duncan Dr.",Tavares,FL,32778,"(352) 508-1008",80193162,33,sites/default/files/pictures_store/162_FV.jpg
0163,"Clermont (S)",NULL,1,NULL,"620 E. Hwy 50",Clermont,FL,34711,"(352) 988-6525",80193163,33,sites/default/files/pictures_store/163_FV.jpg
0165,"Mount Dora (S)",NULL,1,NULL,"17195 US 441 STE 111","Mount Dora",FL,32757,"(352) 385-7285",80193165,33,sites/default/files/pictures_store/165_FV.jpg
0166,"Longwood (S)",NULL,1,NULL,"2494 W SR 434",Longwood,FL,32779,"(407) 961-7565",80193166,33,sites/default/files/pictures_store/166_FV.jpg
0167,"Dunellon (S)",NULL,1,NULL,"11582 N. William street, suite 501",Dunellon,FL,34432,"(352) 289-6900",80193167,33,sites/default/files/pictures_store/167_FV.jpg
0168,"Marbach 2 (S)",NULL,1,NULL,"8733 Marbach Rd","San Antonio",TX,78227,"(210) 593-3100",80193168,45,sites/default/files/pictures_store/168_FV.jpg
0169,"Marbach HEB (I)",NULL,1,NULL,"8219 MARBACH RD."," San Antonio",TX,78227,"(210) 549-3169",80193169,45,sites/default/files/pictures_store/169_FV.jpg
0170,"Culebra HEB (I)",NULL,1,NULL,"2130 CULEBRA RD."," San Antonio",TX,78228,"(210) 731-9028",80193170,45,sites/default/files/pictures_store/170_FV.jpg
0171,"SEM HEB (I)",NULL,1,NULL,"3323 SE MILITARY DR."," San Antonio",TX,78223,"(210) 541-5913",80193171,49,sites/default/files/pictures_store/171_FV.jpg
0172,"Zarzamora HEB (K)",NULL,1,NULL,"6818 S. ZARZAMORA ST."," San Antonio",TX,78224,"(210) 973-5299",80193172,49,sites/default/files/pictures_store/172_FV.jpg
0173,"OConnor HEB (I)",NULL,1,NULL,"14087 OCONNOR RD."," San Antonio",TX,78247,"(210) 646-8600",80193173,46,sites/default/files/pictures_store/173_FV.jpg
0174,"Schertz (S)",NULL,1,NULL,"304 FM 78"," Schertz",TX,78154,"(210) 530-1353",80193174,46,sites/default/files/pictures_store/174_FV.jpg
0175,"Bandera (S)",NULL,1,NULL,"596 Highway 16 South"," Bandera",TX,78003,"(830) 328-5100",80193175,46,sites/default/files/pictures_store/175_FV.jpg
0176,"Floresville (S)",NULL,1,NULL,"602 10th St.  suite 101"," Florisville",TX,78114,"(830) 231-0044",80193176,49,sites/default/files/pictures_store/176_FV.jpg
0177,"Zarzamora (S)",NULL,1,NULL,"2118 S. Zarzamora suite 450"," San Antonio",TX,78207,"(210) 530-4016",80193177,45,sites/default/files/pictures_store/177_FV.jpg
0178,"Rosedale (S)",NULL,1,NULL,"3701 E. Rosedale Ave, Ste 131","Fort Worth",TX,76105,"(817) 953-6920",80193178,51,sites/default/files/pictures_store/178_FV.jpg
0179,"Galloway (S)",NULL,1,NULL,"2110 North Gallaway Ave, Ste 109",Mesquite,TX,75150,"(469) 998-1999",80193179,50,sites/default/files/pictures_store/179_FV.jpg
0180,"Cockrell (S)",NULL,1,NULL,"1515 N Cockrell Hill Rd Ste. A116",Dallas,TX,75211,"(469) 998-0820",80193180,52,sites/default/files/pictures_store/180_FV.jpg
0181,"Hwy 290/34th (S)",NULL,1,NULL,"11087 Northwest Freeway",Houston,TX,77092,"(832) 982-0346",80193181,577,sites/default/files/pictures_store/181_FV.jpg
0182,"Eldridge (S)",NULL,1,NULL,"13110 FM 529",Houston,TX,77041,832-328-7100,80193182,577,sites/default/files/pictures_store/182_FV.jpg
0183,"Kingsville 2 (S)",NULL,1,NULL,"1310 General Cavazos Blvd Ste A",Kingsville,TX,78363,"(361) 221-1196",80193183,576,sites/default/files/pictures_store/183_FV.jpg
0186,"Florida Ave (S)",NULL,1,NULL,"8501 N Florida Ave",Tampa,FL,33604,"(813) 580-8069",80193186,42,sites/default/files/pictures_store/186_FV.jpg
0187,"Bearss (S)",NULL,1,NULL,"1913 E Bearss Ave Ste 100A",Tampa,FL,33613,"(813) 580-8066",80193187,42,sites/default/files/pictures_store/187_FV.jpg
0188,"Hillsborough (S)",NULL,1,NULL,"8486 W Hillsborough Ave",Tampa,FL,33615,"(813) 580-8067",80193188,42,sites/default/files/pictures_store/188_FV.jpg
0189,"Lutz (S)",NULL,1,NULL,"18455 N US Highway 41",Lutz,FL,33549,"(813) 580-8042",80193189,42,sites/default/files/pictures_store/189_FV.jpg
0190,"Oldsmar (S)",NULL,1,NULL,"3784 Tampa Rd Ste 1",Oldsmar,FL,34677,"(813) 580-8063",80193190,42,sites/default/files/pictures_store/190_FV.jpg
0191,"Laredo (S)",NULL,1,NULL,"5320 TX-359 Ste 101",Laredo,TX,78043,"(956) 722-3401",80193191,48,sites/default/files/pictures_store/191_FV.jpg
0194,"Biscayne (S)",NULL,1,NULL,"7935 Biscayne Blvd",Miami,FL,33138,"(786) 429-0336",80193194,41,sites/default/files/pictures_store/194_FV.jpg
0195,"Hollywood (S)",NULL,1,NULL,"1874 N Young Cir",Hollywood,FL,33020,"(754) 200-3529",80193195,41,sites/default/files/pictures_store/195_FV.jpg
0196,"Pompano (S)",NULL,1,NULL,"2309 N Federal Hwy","Pompano Beach",FL,33062,"(754) 200-3578",80193196,41,sites/default/files/pictures_store/196_FV.jpg
0197,"Wilton Manors (S)",NULL,1,NULL,"1008 W Oakland Park Blvd","Wilton Manors",FL,33311,"(754) 200-3943",80193197,41,sites/default/files/pictures_store/197_FV.jpg
0198,"Davie (S)",NULL,1,NULL,"1865 S University Dr Ste 3A",Davie,FL,33324,"(754) 200-3367",80193198,41,sites/default/files/pictures_store/198_FV.jpg
0199,"Collins (S)",NULL,1,NULL,"7439 Collins Ave",Miami,FL,33141,"(786) 429-0337",80193199,41,sites/default/files/pictures_store/199_FV.jpg
0200,"Sunrise (S)",NULL,1,NULL,"2704 N University Dr",Sunrise,FL,33322,"(754) 200-3858",80193200,41,sites/default/files/pictures_store/200_FV.jpg
0201,"Lauderhill (S)",NULL,1,NULL,"5448 N University Dr",Lauderhill,FL,33351,"(754) 200-3541",80193201,41,sites/default/files/pictures_store/201_FV.jpg
0202,"Deerfield (S)",NULL,1,NULL,"3260 W Hillsboro Blvd","Deerfield Beach",FL,33442,"(754) 200-3389",80193202,41,sites/default/files/pictures_store/202_FV.jpg
0203,"Boca (S)",NULL,1,NULL,"23009 State Road 7","Boca Raton",FL,33428,"(561) 203-5109",80193203,41,sites/default/files/pictures_store/203_FV.jpg
0204,"Oak Hill (S)",NULL,1,NULL,"7010 W Highway 71 Ste 340",Austin,TX,78735,"(512) 920-0002",80193204,46,sites/default/files/pictures_store/204_FV.jpg
0205,"Hutto (S)",NULL,1,NULL,"409 W Front St Ste 140",Hutto,TX,78634,"(512) 642-3863",80193205,46,sites/default/files/pictures_store/205_FV.jpg
0207,"Ocala (S)",NULL,1,NULL,"9590 SW Highway 200 Ste 100",Ocala,FL,34481,"(352) 251-3170",80193207,33,sites/default/files/pictures_store/207_FV.jpg
0208,"Everhart (S)",NULL,1,NULL,"6601 Everhart Rd Ste H3","Corpus Christi",TX,78413,"(361) 452-0466",80193208,576,sites/default/files/pictures_store/208_FV.jpg
0209,"Leander (S)",NULL,1,NULL,"2800 S Bagdad Rd Ste D",Leander,TX,78641,"(512) 337-3446",80193209,46,sites/default/files/pictures_store/209_FV.jpg
0211,"Colonial (S)",NULL,1,NULL,"2911 E Colonial Dr ",Orlando,FL,34703,"(407) 203-8976",80193211,758,sites/default/files/pictures_store/211_FV.jpg
0212,"Unigold (S)",NULL,1,NULL,"4072 N Goldenrod Rd ","Winterpark ",FL,32792,"(407) 960-3369",80193212,758,sites/default/files/pictures_store/212_FV.jpg
0213,"Waterford Lakes (S)",NULL,1,NULL,"322 N Alafaya Trail",Orlando,FL,32828,"(407) 203-0851",80193213,758,sites/default/files/pictures_store/213_FV.jpg
0214,"Melbourne (S)",NULL,1,NULL,"2920 W New Haven Ave ","Melbourne ",FL,32904,"(321) 499-3913",80193214,31,sites/default/files/pictures_store/214_FV.jpg
0215,"Rockledge (S)",NULL,1,NULL,"1866 N Rockledge Blvd",Rockledge,FL,32955,"(321) 735-4590",80193215,31,sites/default/files/pictures_store/215_FV.jpg
0216,"Millenia (S)",NULL,1,NULL,"4680 Millenia Plaza Way ",Orlando,FL,32839,"(321) 231-7640",80193216,758,sites/default/files/pictures_store/216_FV.jpg
0217,"Chickasaw (S)",NULL,1,NULL,"2200 S CHICKASAW TRAIL",Orlando,FL,32825,"(407) 203-0908",80193217,758,sites/default/files/pictures_store/217_FV.jpg
0218,"Merritt Island (S)",NULL,1,NULL,"91 E Merritt Island CSWY","Merrit Island",FL,35952,"(321) 452-6429",80193218,31,sites/default/files/pictures_store/218_FV.jpg
0220,"St Cloud (S)",NULL,1,NULL,"1620 13th St","St Cloud",FL,34769,"(407) 593-6567",80193220,31,sites/default/files/pictures_store/220_FV.jpg
0222,"Conway (S)",NULL,1,NULL,"1627 S Conway Rd ",Orlando,FL,32812,"(407) 613-5932",80193222,758,sites/default/files/pictures_store/222_FV.jpg
0224,"Aldine (S)",NULL,1,NULL,"5190 Aldine mail RT",Houston,TX,77039,"(832) 416-1033",80193224,577,sites/default/files/pictures_store/224_FV.jpg
0225,"Webb Royal (S)",NULL,1,NULL,"10909 Webb Chapel Rd Ste 116",Dallas,TX,75229,"(469) 453-1314",80193225,52,sites/default/files/pictures_store/225_FV.jpg
0226,"Mansfield (S)",NULL,1,NULL,"900 N Walnut Creek Dr Ste 101",Mansfield,TX,76063,"(682) 400-4138",80193226,51,sites/default/files/pictures_store/226_FV.jpg
0228,"Miami Gardens (S)",NULL,1,NULL,"1855 NE 185  Ste 10","N Miami Beach",FL,33179,"(305) 650-1136",80193228,41,sites/default/files/pictures_store/228_FV.jpg
0229,"Stirling (S)",NULL,1,NULL,"6802 Sterling Rd",Hollywood,FL,33024,"(954) 505-7151",80193229,41,sites/default/files/pictures_store/229_FV.jpg
0230,"Eau Gallie (S)",NULL,1,NULL,"283 E Eau Gallie Blvd","Indian Harbour Beach",FL,32937,"(321) 425-4776",80193230,31,sites/default/files/pictures_store/230_FV.jpg
0232,"Palm River (S)",NULL,1,NULL,"7803 Palm River Rd ",Tampa,"FL ",33619,"(813) 291-3845",NULL,42,NULL
0233,"Conway SC (S)",NULL,1,NULL,"2608 Main St Unit G",Conway,SC,29526,"(843) 284-9891",80193233,30,sites/default/files/pictures_store/233_FV.jpg
0234,"Myrtle Beach (S)",NULL,1,NULL,"5022 Dick Pond Rd","Myrtle Beach",SC,29588,"(843) 353-1513",80193234,30,sites/default/files/pictures_store/234_FV.jpg
0236,"Bristol (S)",NULL,1,NULL,"321 Gate City Hwy Ste A",Bristol,VA,24201,"(276) 285-0559",80193236,19,sites/default/files/pictures_store/236_FV.jpg
0237,"Hendersonville (S)",NULL,1,NULL,"1344 Asheville Hwy",Hendersonville,NC,28791,"(828) 435-2450",80193237,30,sites/default/files/pictures_store/237_FV.jpg
0239,"North Myrtle Beach (S)",NULL,1,NULL,"2711 Highway 17 S","North Myrtle Beach",SC,29582,"(843) 286-5917",80193239,30,sites/default/files/pictures_store/239_FV.jpg
0240,"Lyle (S)",NULL,1,NULL,"612 Lyle St, Suite 113","Johnson City",TN,37604,"(423) 430-6275",80193240,19,sites/default/files/pictures_store/240_FV.jpg
0241,"Johnson City (S)",NULL,1,NULL,"2708 N Roan St Ste D1","Johnson City",TN,37601,"(423) 430-6213",80193241,19,sites/default/files/pictures_store/241_FV.jpg
0242,"Homosassa (S)",NULL,1,NULL,"3778 S Suncoast Blvd",Homosassa,FL,34448,"(352) 254-4582",80193242,33,sites/default/files/pictures_store/242_FV.jpg
0243,"Goldsboro (S)",NULL,1,NULL,"906A N Spence Ave",Goldsboro,NC,27534,"(919) 396-5593",80193243,29,sites/default/files/pictures_store/243_FV.jpg
0246,"Huntsville (S)",NULL,1,NULL,"11700 Memorial Pkwy SW Ste I",Huntsville,AL,35803,"(256) 213-1435",80193246,28,sites/default/files/pictures_store/246_FV.jpg
0248,"Pinson (S)",NULL,1,NULL,"6662 Highway 75 Ste 117",Pinson,AL,35126,"(205) 681-1704",80193248,28,sites/default/files/pictures_store/248_FV.jpg
0249,"Decatur (S)",NULL,1,NULL,"1411 6th Ave SE",Decatur,AL,35601,"(256) 274-4931",80193249,28,sites/default/files/pictures_store/249_FV.jpg
0250,"Western Blvd (S)",NULL,1,NULL,"461 Western Blvd Ste 102-E",Jacksonville,NC,28546,"(910) 378-4815",80193250,29,sites/default/files/pictures_store/250_FV.jpg
0251,"Freedom Way (S)",NULL,1,NULL,"175 Freedom Way Ste 19",Jacksonville,NC,28544,"(910) 526-0197",80193251,29,sites/default/files/pictures_store/251_FV.jpg
0252,"North Huntsville (S)",NULL,1,NULL,"3503 N Memorial Pkwy NW, Suite E",Huntsville,AL,35810,"(256) 384-3249",80193252,28,sites/default/files/pictures_store/252_FV.jpg
0253,"North Augusta (S)",NULL,1,NULL,"1690 Knox Ave","North Augusta",SC,29841,"(803) 302-7190",80193253,30,sites/default/files/pictures_store/253_FV.jpg
0255,"Madison (S)",NULL,1,NULL,"12060 County Line Rd Ste F",Madison,AL,35756,"(256) 258-8785",80193255,29,sites/default/files/pictures_store/255_FV.jpg
0256,"Cecil Ashburn (S)",NULL,0,NULL,"2000 Cecil Ashburn Dr SE Ste 108",Huntsville,AL,35802,"(256) 384-3245",80193256,0,sites/default/files/pictures_store/256_FV.jpg
0257,"Aiken (S)",NULL,1,NULL,"3520 Richland Ave W",Aiken,SC,29801,"(803) 306-5492",80193257,30,sites/default/files/pictures_store/257_FV.jpg
0258,"Augusta (S)",NULL,1,NULL,"2803 Wrightsboro Rd Ste 35",Augusta,GA,30909,"(706) 426-0916",80193258,30,sites/default/files/pictures_store/258_FV.jpg
0259,"Port Richey (S)",NULL,1,NULL,"9318 US Highway 19","Port Richey",FL,34668,"(727) 359-0276",80193259,42,sites/default/files/pictures_store/259_FV.jpg
0260,"Alachua (S)",NULL,1,NULL,"16181 US 441 Ste 170",Alachua,FL,32615,"(386) 418-2044",80193260,579,sites/default/files/pictures_store/260_FV.jpg
0261,"Live Oak (S)",NULL,1,NULL,"1556 Ohio Ave S Unit 5","Live Oak",FL,32064,"(386) 219-0277",80193261,579,sites/default/files/pictures_store/261_FV.jpg
0262,"FSU (S)",NULL,1,NULL,"1660 W Tennessee St",Tallahassee,FL,32304,"(850) 727-7868",80193262,579,sites/default/files/pictures_store/262_FV.jpg
0263,"MacClenny (S)",NULL,1,NULL,"816 South. 6th st, suite 798",MacClenny,FL,32063,"(904) 552-5472",80193263,579,sites/default/files/pictures_store/263_FV.jpg
0265,"Forestdale (S)",NULL,1,NULL,"1441 Forestdale Blvd Ste 101",Birmingham,AL,35214,"(205) 238-7238",80193265,29,sites/default/files/pictures_store/265_FV.jpg
0266,"Suncrest (S)",NULL,1,NULL,"10163 University Blvd",Orlando,FL,32817,"(321) 2479058",80193266,758,sites/default/files/pictures_store/266_FV.jpg
0267,"San Jose (S)",NULL,1,NULL,"10991 San Jose Blvd Suite 34",Jacksonville,FL,32223,"(904) 552-5482",80193267,579,sites/default/files/pictures_store/267_FV.jpg
0268,"Williams Town (S)",NULL,1,NULL,"9511 Southwest Fwy Ste C",Houston,TX,77074,"(346) 262-0136",80193268,44,sites/default/files/pictures_store/268_FV.jpg
0269,"Winchester (S)",NULL,1,NULL,"2246 Winchester RD NE",Huntsville,AL,35811,"(256) 272-3336",80193269,29,sites/default/files/pictures_store/269_FV.jpg
0270,"Homewood (S)",NULL,1,NULL,"231 State Farm Pkwy Ste 107",Homewood,AL,35209,"(205) 286-3257",80193270,29,sites/default/files/pictures_store/270_FV.jpg
0271,"Oneonta (S)",NULL,1,NULL,"2343 2nd Ave E Ste F",Oneonta,AL,35121,"(205) 259-7030",80193271,28,sites/default/files/pictures_store/271_FV.jpg
0272,"Crawfordville (S)",NULL,1,NULL,"2000 Crawfordville Hwy Ste F",Crawfordville,FL,32327,"(850) 347-6755",80193272,579,sites/default/files/pictures_store/272_FV.jpg
0273,"Casselberry (S)",NULL,1,NULL,"1750 Sunshadow Dr Ste 110",Casselberry,FL,32707,"(407) 442-1943",80193273,33,sites/default/files/pictures_store/273_FV.jpg
0274,"Heritage (S)",NULL,1,NULL,"1408 N Brindlee Mountain Pkwy",Arab,AL,35016,"(256) 229-2067",80193274,28,sites/default/files/pictures_store/274_FV.jpg
0275,"Weeki Wachee (S)",NULL,1,NULL,"6220 Commercial Way Unit A-6",Brooksville,FL,34613,"(352) 254-5115",80193275,42,sites/default/files/pictures_store/275_FV.jpg
0276,"Volunteer Pkwy (S)",NULL,1,NULL,"2137 Volunteer Pkwy",Bristol,TN,37620,"(423) 226-0643",80193276,19,sites/default/files/pictures_store/276_FV.jpg
0277,"Davenport (S)",NULL,1,NULL,"42653 Highway 27",Davenport,FL,33837,"(863) 266-4397",80193277,33,sites/default/files/pictures_store/277_FV.jpg
0278,"Old Port Isabel (S)",NULL,1,NULL,"123 Old Port Isabel Rd Ste B-13",Brownsville,TX,78521,"(956) 267-5329",80193278,576,sites/default/files/pictures_store/278_FV.jpg
0279,"Titusville (S)",NULL,1,NULL,"3261 Garden St",Titusville,FL,32796,"(321) 209-9443",80193279,31,sites/default/files/pictures_store/279_FV.jpg
0280,"Julington Square (S)",NULL,1,NULL,"445 State Road 13 Ste 25",Jacksonville,FL,32259,"(904 293-2206",80193280,579,sites/default/files/pictures_store/280_FV.jpg
0281,"Jacksonville Crossing (S)",NULL,1,NULL,"1555 Pelham Rd S",Jacksonville,AL,36265,"(256) 229-2099",80193281,29,sites/default/files/pictures_store/281_FV.jpg
0282,"Gardendale (S)",NULL,1,NULL,"1001 Main St Bldg A",Gardendale,AL,35071,"(205) 282-0426",80193282,28,sites/default/files/pictures_store/282_FV.jpg
0283,"Westbury Square (S)",NULL,1,NULL,"975 Airport Rd SW Ste 9",Huntsville,AL,35802,"(256) 229-2565",80193283,28,sites/default/files/pictures_store/283_FV.jpg
0284,"Bedford (S)",NULL,1,NULL,"2248 Central Dr, Ste 104",Bedford,TX,76021,"(817) 566-0799",80193284,51,sites/default/files/pictures_store/284_FV.jpg
0285,"Boca Chica (S)",NULL,1,NULL,"2200 Boca Chica Blvd Ste 118",Brownsville,TX,78521,"(956) 621-2773",80193285,576,sites/default/files/pictures_store/285_FV.jpg
0286,"Valle Vista (K)",NULL,1,NULL,"2020 S Expressway 83",Harlingen,TX,78552,"(956) 423-1277",80193286,576,sites/default/files/pictures_store/286_FV.jpg
0287,"Iturbide (S)",NULL,1,NULL,"1209 Iturbide St",Laredo,TX,78040,"(956) 568-5824",80193287,48,sites/default/files/pictures_store/287_FV.jpg
0291,"Maryville (S)",NULL,1,NULL,"2602 US Highway 411 S  )Ste 106??)",Maryville,TN,37801,"(865) 282-4025",80193291,19,sites/default/files/pictures_store/291_FV.jpg
0292,"Valleydale (S)",NULL,1,NULL,"2005 Valleydale Rd ",Pelham,"AL ",35124,"(205) 282-0690",NULL,28,NULL
0293,"Airline (S)",NULL,1,NULL,"11224 Airline Dr",Houston,TX,77037,"(281) 260-8840",80193293,577,sites/default/files/pictures_store/293_FV.jpg
0294,"Little York (S)",NULL,1,NULL,"310 W Little York Rd",Houston,TX,77076,"(346) 230-4922",80193294,577,sites/default/files/pictures_store/294_FV.jpg
0295,"Fondren 2 (S)",NULL,1,NULL,"11322 Fondren Rd Ste A",Houston,TX,77035,"(713) 728-9117",80193295,44,sites/default/files/pictures_store/295_FV.jpg
0296,"Western (S)",NULL,1,NULL,"3927 Western Ave",Knoxville,TN,37921,"(865) 540-4401",80193296,19,sites/default/files/pictures_store/296_FV.jpg
0297,"Magnolia (S)",NULL,1,NULL,"2131 E Magnolia Ave Ste A",Knoxville,TN,37917,"(865) 521-5050",80193297,19,sites/default/files/pictures_store/297_FV.jpg
0298,"Greeneville (S)",NULL,1,NULL,"2755 E Andrew Johnson Hwy Unit 301 ",Greeneville," TN",37745,"(423) 525-9679",NULL,19,NULL
0299,"Clinton (S)",NULL,1,NULL,"1351A Sunset Ave, Ste B-14",Clinton,NC,28328,"(910) 385-9879",80193299,29,sites/default/files/pictures_store/299_FV.jpg
0301,"Goldsboro 2 (S)",NULL,1,NULL,"2912 US Hwy 70 W",Goldsboro,NC,27530,"(919) 396-5642",80193301,29,sites/default/files/pictures_store/301_FV.jpg
0302,"Franklin (S)",NULL,1,NULL,"137 Commons Dr Spc A-4 ","Franklin ","NC ",28734,"(828) 634-1172",NULL,30,NULL
0303,"Elizabethton (S)",NULL,1,NULL,"101 Hudson Dr #111",Elizabethton,TN,37643,"(423) 512-4041",80193303,19,sites/default/files/pictures_store/303_FV.jpg
0304,"Fondren ML (S)",NULL,1,NULL,"9621 Fondren Dr",Houston,TX,77096,(713)-774-6464,80193304,44,sites/default/files/pictures_store/304_FV.jpg
0305,"New Bern (S)",NULL,1,NULL,"2686 MLK Jr Blvd","New Bern",NC,28562,"(252) 497-7003",80193254,29,NULL
0306,"Port St John (S)",NULL,1,NULL,"6257 US 1 Ste 6215","Cocoa ",FL,32927,,NULL,31,NULL
